Europe,Montenegro,Offline
Europe,Armenia,Online
Europe,Montenegro,Offline
Europe,Montenegro,Offline
Europe,Greece,Online
Europe,Montenegro,Offline
Europe,Armenia,Online
Europe,Montenegro,Offline
Europe,Montenegro,Offline
Europe,Greece,Online
Europe,Montenegro,Offline
Europe,Armenia,Online
Europe,Montenegro,Offline
Europe,Montenegro,Offline
Europe,Greece,Online
Europe,Montenegro,Offline
Europe,Armenia,Online
Europe,Montenegro,Offline
Europe,Montenegro,Offline
Europe,Greece,Online
Europe,Montenegro,Offline
